-- Insert demo data into hotel table

-- Insert data into hotel table
insert into hotel (hotel_id, hotel_name, hotel_address, hotel_phone, hotel_email, hotel_type, hotel_city, hotel_postcode, number_of_rooms, hotel_rating, hotel_website, hotel_description, hotel_opening_hour, hotel_closing_hour, has_parking, has_pool) values (1, 'dhaka grand', 'dhaka', '01712345678', 'info@dhakagrand.com', '5star', 'dhaka', 1207, 150, 3.5, 'www.dhakagrand.com', 'luxurious 5-star hotel in dhaka', '09:00', '23:00', 'yes', 'yes');
insert into hotel (hotel_id, hotel_name, hotel_address, hotel_phone, hotel_email, hotel_type, hotel_city, hotel_postcode, number_of_rooms, hotel_rating, hotel_website, hotel_description, hotel_opening_hour, hotel_closing_hour, has_parking, has_pool) values (2, 'chittagong bliss', 'chittagong', '01787654321', 'contact@chittagongbliss.com', '3star', 'chittagong', 4200, 100, 3.5, 'www.chittagongbliss.com', 'affordable 3-star hotel in chittagong', '08:00', '22:00', 'no', 'no');
insert into hotel (hotel_id, hotel_name, hotel_address, hotel_phone, hotel_email, hotel_type, hotel_city, hotel_postcode, number_of_rooms, hotel_rating, hotel_website, hotel_description, hotel_opening_hour, hotel_closing_hour, has_parking, has_pool) values (3, 'sylhet paradise', 'sylhet', '01912345678', 'info@sylhetparadise.com', '7star', 'sylhet', 3100, 200, 4.0, 'www.sylhetparadise.com', 'luxurious 7-star hotel in sylhet', '10:00', '00:00', 'yes', 'yes');
insert into hotel (hotel_id, hotel_name, hotel_address, hotel_phone, hotel_email, hotel_type, hotel_city, hotel_postcode, number_of_rooms, hotel_rating, hotel_website, hotel_description, hotel_opening_hour, hotel_closing_hour, has_parking, has_pool) values (4, 'rajshahi royal', 'rajshahi', '01987654321', 'royal@rajshahiroyal.com', '5star', 'rajshahi', 6200, 120, 5.0, 'www.rajshahiroyal.com', 'modern 5-star hotel in rajshahi', '09:00', '23:00', 'yes', 'no');
insert into hotel (hotel_id, hotel_name, hotel_address, hotel_phone, hotel_email, hotel_type, hotel_city, hotel_postcode, number_of_rooms, hotel_rating, hotel_website, hotel_description, hotel_opening_hour, hotel_closing_hour, has_parking, has_pool) values (5, 'coxs bazar beach resort', 'coxs bazar', '01512345678', 'contact@coxsbazarbeachresort.com', '5star', 'coxs bazar', 4700, 250, 2.5, 'www.coxsbazarbeachresort.com', 'beachside 5-star resort in coxs bazar', '08:00', '23:00', 'yes', 'yes');
-- Insert data into room table
insert into room (room_id, hotel_id, room_price, room_size, room_capacity, room_view, floor_number, bed_type, has_balcony, number_of_windows, room_description) values (1, 1, 10000, 'large', 4, 'sea', 5, 'king', 'yes', 4, 'Sea view room with king bed');
insert into room (room_id, hotel_id, room_price, room_size, room_capacity, room_view, floor_number, bed_type, has_balcony, number_of_windows, room_description) values (2, 1, 8000, 'medium', 3, 'city', 3, 'queen', 'no', 2, 'City view room with queen bed');
insert into room (room_id, hotel_id, room_price, room_size, room_capacity, room_view, floor_number, bed_type, has_balcony, number_of_windows, room_description) values (3, 2, 6000, 'small', 2, 'river', 2, 'twin', 'yes', 1, 'River view room with twin beds');
insert into room (room_id, hotel_id, room_price, room_size, room_capacity, room_view, floor_number, bed_type, has_balcony, number_of_windows, room_description) values (4, 3, 12000, 'large', 4, 'mountain', 7, 'king', 'no', 5, 'Mountain view room with king bed');
insert into room (room_id, hotel_id, room_price, room_size, room_capacity, room_view, floor_number, bed_type, has_balcony, number_of_windows, room_description) values (5, 5, 10000, 'large', 4, 'garden', 4, 'double', 'yes', 3, 'Garden view room with double bed');

-- Insert data into guest table
insert into guest (guest_id, guest_name, guest_phone, guest_email, guest_address, guest_occupation, guest_age, gust_marrital_status, guest_blood_group, guest_nid_number, guest_father_name, guest_city, guest_postcode, guest_birthdate, emmergency_contact_number, guest_gender, guest_nationality) values (1, 'abu bakr siddique', '01712345678', 'abubakr@example.com', '45/b mirpur, dhaka', 'engineer', 35, 'single', 'B+', '9876543210', 'abdul kader siddique', 'dhaka', 1216, to_date('1989-07-10', 'yyyy-mm-dd'), '01812345678', 'male', 'bangladeshi');
insert into guest (guest_id, guest_name, guest_phone, guest_email, guest_address, guest_occupation, guest_age, gust_marrital_status, guest_blood_group, guest_nid_number, guest_father_name, guest_city, guest_postcode, guest_birthdate, emmergency_contact_number, guest_gender, guest_nationality) values (2, 'sabina yasmin', '01787654321', 'sabina@example.com', '5/1 dhanmondi, dhaka', 'teacher', 29, 'married', 'AB-', '8765432109', 'mohammad ali', 'dhaka', 1205, to_date('1994-02-15', 'yyyy-mm-dd'), '01776543210', 'female', 'bangladeshi');
insert into guest (guest_id, guest_name, guest_phone, guest_email, guest_address, guest_occupation, guest_age, gust_marrital_status, guest_blood_group, guest_nid_number, guest_father_name, guest_city, guest_postcode, guest_birthdate, emmergency_contact_number, guest_gender, guest_nationality) values (3, 'farhan ahmed', '01823456789', 'farhan@example.com', '77 gulshan, dhaka', 'doctor', 40, 'single', 'A-', '3456789012', 'kamal ahmed', 'dhaka', 1212, to_date('1983-05-20', 'yyyy-mm-dd'), '01887654321', 'male', 'bangladeshi');
insert into guest (guest_id, guest_name, guest_phone, guest_email, guest_address, guest_occupation, guest_age, gust_marrital_status, guest_blood_group, guest_nid_number, guest_father_name, guest_city, guest_postcode, guest_birthdate, emmergency_contact_number, guest_gender, guest_nationality) values (4, 'amina chowdhury', '01734567890', 'amina@example.com', '32 uttara, dhaka', 'artist', 30, 'widowed', 'O-', '7890123456', 'karim chowdhury', 'dhaka', 1230, to_date('1993-11-10', 'yyyy-mm-dd'), '01723456789', 'female', 'bangladeshi');
insert into guest (guest_id, guest_name, guest_phone, guest_email, guest_address, guest_occupation, guest_age, gust_marrital_status, guest_blood_group, guest_nid_number, guest_father_name, guest_city, guest_postcode, guest_birthdate, emmergency_contact_number, guest_gender, guest_nationality) values (5, 'rafiqul islam', '01998765432', 'rafiqul@example.com', '12/3 mohammadpur, dhaka', 'lawyer', 50, 'married', 'B+', '5678901234', 'firoz islam', 'dhaka', 1207, to_date('1973-01-05', 'yyyy-mm-dd'), '01834567890', 'male', 'bangladeshi');

-- Insert data into room_reservation table
insert into room_reservation (room_id, guest_id, booking_id, booking_invoice, check_in_date, check_out_date, total_day, total_price, confirmed_by, reservation_status, payment_status) values (1, 1, 101, 1001, date '2024-05-05', date '2024-05-10', 5, 50000.00, 'manager rahman', 'confirmed', 'paid');
insert into room_reservation (room_id, guest_id, booking_id, booking_invoice, check_in_date, check_out_date, total_day, total_price, confirmed_by, reservation_status, payment_status) values (2, 2, 102, 1002, date '2024-06-01', date '2024-06-04', 3, 24000.00, 'receptionist karim', 'confirmed', 'unpaid');
insert into room_reservation (room_id, guest_id, booking_id, booking_invoice, check_in_date, check_out_date, total_day, total_price, confirmed_by, reservation_status, payment_status) values (3, 3, 103, 1003, date '2024-07-10', date '2024-07-14', 4, 24000.00, 'manager anwar', 'completed', 'paid');
insert into room_reservation (room_id, guest_id, booking_id, booking_invoice, check_in_date, check_out_date, total_day, total_price, confirmed_by, reservation_status, payment_status) values (4, 4, 104, 1004, date '2024-08-20', date '2024-08-24', 4, 48000.00, 'receptionist fatema', 'confirmed', 'unpaid');
insert into room_reservation (room_id, guest_id, booking_id, booking_invoice, check_in_date, check_out_date, total_day, total_price, confirmed_by, reservation_status, payment_status) values (5, 5, 105, 1005, date '2024-09-05', date '2024-09-08', 3, 30000.00, 'manager hossain', 'cancelled', 'unpaid');

-- Insert data into event table
insert into event (event_id, event_name, event_description, event_type, event_organizer) values (1, 'dhaka art festival', 'an annual art festival in dhaka', 'general', 'dhaka art society');
insert into event (event_id, event_name, event_description, event_type, event_organizer) values (2, 'chittagong tech expo', 'technology exhibition in chittagong', 'conference', 'tech hub bangladesh');
insert into event (event_id, event_name, event_description, event_type, event_organizer) values (3, 'sylhet literature fest', 'literature festival in sylhet', 'general', 'sylhet literary society');
insert into event (event_id, event_name, event_description, event_type, event_organizer) values (4, 'rajshahi music festival', 'music festival in rajshahi', 'general', 'rajshahi music club');
insert into event (event_id, event_name, event_description, event_type, event_organizer) values (5, 'coxs bazar beach wedding', 'beach wedding event in coxs bazar', 'wedding', 'beach weddings bd');

-- Insert data into event_in_hotel table
insert into event_in_hotel (event_id, guest_id, hotel_id, booking_id, start_date, end_date, event_invoice, event_capacity, event_weather, event_food, event_theme, event_dress_code, event_music, event_status) values (1, 1, 1, 1001, date '2024-05-10', date '2024-05-12', 5001, 50, 'sunny', 'buffet', 'wedding', 'formal', 'live', 'scheduled');
insert into event_in_hotel (event_id, guest_id, hotel_id, booking_id, start_date, end_date, event_invoice, event_capacity, event_weather, event_food, event_theme, event_dress_code, event_music, event_status) values (2, 2, 1, 1002, date '2024-06-15', date '2024-06-17', 5002, 100, 'rainy', 'sit-down dinner', 'corporate conference', 'business casual', 'orchestra', 'scheduled');
insert into event_in_hotel (event_id, guest_id, hotel_id, booking_id, start_date, end_date, event_invoice, event_capacity, event_weather, event_food, event_theme, event_dress_code, event_music, event_status) values (3, 3, 2, 1003, date '2024-07-20', date '2024-07-23', 5003, 30, 'cloudy', 'buffet', 'birthday party', 'casual', 'dj', 'ongoing');
insert into event_in_hotel (event_id, guest_id, hotel_id, booking_id, start_date, end_date, event_invoice, event_capacity, event_weather, event_food, event_theme, event_dress_code, event_music, event_status) values (4, 4, 3, 1004, date '2024-08-05', date '2024-08-07', 5004, 150, 'clear', 'sit-down dinner', 'charity gala', 'black tie', 'live', 'completed');
insert into event_in_hotel (event_id, guest_id, hotel_id, booking_id, start_date, end_date, event_invoice, event_capacity, event_weather, event_food, event_theme, event_dress_code, event_music, event_status) values (5, 5, 5, 1005, date '2024-09-15', date '2024-09-17', 5005, 200, 'sunny', 'buffet', 'corporate retreat', 'business casual', 'orchestra', 'scheduled');



